source,target
iDashboards,PoloChau
Swag_Math,PoloChau
lixianelite,PoloChau
marugotstinking,PoloChau
JeddyM197,PoloChau
NitinKodial,PoloChau
thachbebigboss,PoloChau
YoungHsu_1s,PoloChau
1171020709,PoloChau
AgnesMayYao,PoloChau
UserSolutionsUS,iDashboards
alecampeadorcid,iDashboards
donadosays,iDashboards
_GypsyCouple,iDashboards
ReneCarapinha,iDashboards
nhtanner,iDashboards
zakirulla,iDashboards
shri0309,iDashboards
MelissaMoraja,iDashboards
ooadservices,iDashboards
BaseVintFurn,Swag_Math
MacsAcadianSea,Swag_Math
Marisolrtc,Swag_Math
MrFuguet,Swag_Math
_VAPR,Swag_Math
randal_olson,Swag_Math
Jordan_T_Bird,Swag_Math
WhitneyyyHope,Swag_Math
Dare2Invent,Swag_Math
jwhalberey,Swag_Math
AnimalsWays,marugotstinking
junokuno,marugotstinking
french1fashion,marugotstinking
jac0bsbackup,marugotstinking
TheOutFlT,marugotstinking
nagato,marugotstinking
linux_games_me,marugotstinking
TrainingHusky,marugotstinking
HumanOverseer,marugotstinking
OhHiJess,JeddyM197
Vi43K,NitinKodial
v10_ted,NitinKodial
pramodkirchki,NitinKodial
rakesh382,NitinKodial
kishorgopalaiah,NitinKodial
ganesh_,NitinKodial
DhananjayGowdaN,NitinKodial
ashay_p,NitinKodial
preshu_,NitinKodial
Nidhi_Satish,NitinKodial
ckteamsupanova,thachbebigboss
MueblesTyG,thachbebigboss
ybnomusic,thachbebigboss
marktplaatslink,thachbebigboss
FAUXFUNmusic,thachbebigboss
sarasutton1,thachbebigboss
dedehlesmanawa2,thachbebigboss
BreK_Production,thachbebigboss
Tweet4Girl,thachbebigboss
chauey,thachbebigboss
aplsmith5,YoungHsu_1s
DonnyTForPres,YoungHsu_1s
TheFeranziqDzn,YoungHsu_1s
drgonlord1234,YoungHsu_1s
FannyUltra,YoungHsu_1s
why_bread,YoungHsu_1s
twistedkitchen2,1171020709
starchildlilacx,AgnesMayYao
CheathamDori,AgnesMayYao
StartupGrind,AgnesMayYao
Breastsrhealthy,AgnesMayYao
prosoapp,AgnesMayYao
angiepstevens,AgnesMayYao
mvagradshow,AgnesMayYao
john_eberhard,AgnesMayYao
BambinoBabies,AgnesMayYao
BillyWu2,AgnesMayYao
